,hasCommitments,hasActionsUndertaken,hasEmissionInventory,hasInitiativeParticipations,hasImpact,hasMitigations,hasAdaptations,hasRiskAssessments,hasClimateActionPlans,hasFinanceActions
Full Model AIC,216.23207164610568,157.53270381636344,239.3933349601237,183.40744260688604,89.82144584128496,188.62699690049578,226.66561935707216,254.96864679902882,243.1619786860885,112.93416163705109
Full Model BIC,249.06410893348556,190.3647411037433,272.22537224750357,216.2394798942659,122.65348312866485,221.45903418787566,259.49765664445204,287.8006840864087,275.9940159734684,145.76619892443097
Forward Selection AIC,205.95133559257675,149.90686314892724,230.9334041402301,178.22869681211463,78.25775360746783,181.54821795245488,219.6236800370598,245.06126170005405,232.7526244018722,104.05154001823144
Forward Selection BIC,219.0841505075287,169.60608552135517,247.34942278392003,188.0783079983286,91.39056852241978,197.96423659614481,232.75649495201176,254.910872886268,245.88543931682415,110.61794747570741
